﻿Series Name,Series Code,Country Name,Country Code,1990 [YR1990],2000 [YR2000],2011 [YR2011],2012 [YR2012],2013 [YR2013],2014 [YR2014],2015 [YR2015],2016 [YR2016],2017 [YR2017],2018 [YR2018],2019 [YR2019],2020 [YR2020]
People using at least basic sanitation services (% of population),SH.STA.BASS.ZS,Afghanistan,AFG,..,23.5157270361909,35.4570999886872,36.7499624027606,38.0558319810101,39.3749320885894,40.7077070107199,42.0541827707493,43.4176100145511,..,..,..
People using at least basic sanitation services (% of population),SH.STA.BASS.ZS,Albania,ALB,..,88.3274959275497,96.1847704181257,96.7764332336587,97.3125483043076,97.6768549535362,97.6910339666252,97.7048765530935,97.7183683821447,..,..,..
People using at least basic sanitation services (% of population),SH.STA.BASS.ZS,Algeria,DZA,..,83.730576615396,86.7717408223521,86.9706485089717,87.1574535295076,87.3327341136295,87.4967167440158,87.5423164577779,87.5865709329942,..,..,..
People using at least basic sanitation services (% of population),SH.STA.BASS.ZS,American Samoa,ASM,..,64.8781046960693,61.3742875815433,60.2205725883875,59.0670417789088,57.9136951531078,56.7605327109848,55.6075544525389,54.4547603777711,..,..,..
People using at least basic sanitation services (% of population),SH.STA.BASS.ZS,Andorra,AND,..,100,99.9999954451919,100.000001156937,100,99.9999975924307,100.00000244488,100,99.9999962826959,..,..,..
People using at least basic sanitation services (% of population),SH.STA.BASS.ZS,Angola,AGO,..,27.5575240889137,42.3266652444817,43.5914728138515,44.8547932791001,46.1170309780224,47.3744793353905,48.6279447858576,49.8769787577501,..,..,..
People using at least basic sanitation services (% of population),SH.STA.BASS.ZS,Antigua and Barbuda,ATG,..,82.4093084142015,86.7204402351516,87.1123613097834,87.5042823844152,87.5042823844152,87.5042823844152,87.5042823844152,87.5042823844152,..,..,..
People using at least basic sanitation services (% of population),SH.STA.BASS.ZS,Argentina,ARG,..,86.9753089524854,93.1824993783585,93.7417481852165,94.1675570736228,94.2010482970055,94.2348507736493,94.2585054176821,..,..,..,..
People using at least basic sanitation services (% of population),SH.STA.BASS.ZS,Armenia,ARM,..,86.9020077883816,91.3755731772587,91.7896816368386,92.208479764726,92.6320407524375,93.0606067851468,93.4069715588385,93.6423072695355,..,..,..
People using at least basic sanitation services (% of population),SH.STA.BASS.ZS,Aruba,ABW,..,98.3202099737533,97.6082085212731,97.5434811165022,97.5434811165022,97.5434811165022,97.5434811165022,97.5434811165022,..,..,..,..
People using at least basic sanitation services (% of population),SH.STA.BASS.ZS,Australia,AUS,..,99.9911523822512,99.9911523822512,99.9911523822512,99.9911523822512,99.9911523822512,99.9911523822512,99.9911523822512,99.9911523822512,..,..,..
People using at least basic sanitation services (% of population),SH.STA.BASS.ZS,Austria,AUT,..,99.9999825282685,99.9841121228219,99.9823112215371,99.9804576387726,99.9785889656659,99.9767087846052,99.9748135182502,99.9729096123263,..,..,..
People using at least basic sanitation services (% of population),SH.STA.BASS.ZS,Azerbaijan,AZE,..,63.210341837375,84.7827446220276,87.0367194222409,89.3082884004391,90.9184365681072,92.4560650540911,92.4830948823569,92.5114453471259,..,..,..
People using at least basic sanitation services (% of population),SH.STA.BASS.ZS,"Bahamas, The",BHS,..,87.6018273385256,93.3695753499573,93.9022656723855,94.2450378918434,94.5878101113014,94.9305823307593,94.9305823307593,94.9305823307593,..,..,..
People using at least basic sanitation services (% of population),SH.STA.BASS.ZS,Bahrain,BHR,..,99.8544002397882,100,100,100,100,100,100,100,..,..,..
People using at least basic sanitation services (% of population),SH.STA.BASS.ZS,Bangladesh,BGD,..,25.6440404705312,40.538099188074,41.8597414785269,43.1681510831289,44.4627029692762,45.7421610879166,47.0058028392138,48.2332427177019,..,..,..
People using at least basic sanitation services (% of population),SH.STA.BASS.ZS,Barbados,BRB,..,88.8534902197376,94.3549074138031,94.8550362496273,95.3551650854515,95.8552939212757,96.3554227570998,96.855551592924,97.2793784985907,..,..,..
People using at least basic sanitation services (% of population),SH.STA.BASS.ZS,Belarus,BLR,..,91.6736276175404,95.9850888293028,96.5668357378464,97.1560728848175,97.7526376167495,97.7649765159934,97.7777512941361,97.7909519750284,..,..,..
People using at least basic sanitation services (% of population),SH.STA.BASS.ZS,Belgium,BEL,..,99.4833108435927,99.4860703905843,99.4860649540609,99.4860675734247,99.486064028335,99.4860616896739,99.4860576241743,99.486060200783,..,..,..
People using at least basic sanitation services (% of population),SH.STA.BASS.ZS,Belize,BLZ,..,82.4379862479792,85.9422351850168,86.2578564152308,86.5747580136313,86.8930432804845,87.2129839781893,87.5347760228182,87.8585235497944,..,..,..
People using at least basic sanitation services (% of population),SH.STA.BASS.ZS,Benin,BEN,..,8.60482880163903,13.9409263796284,14.5064867101912,15.0837618912563,15.6739162829555,16.0117408146427,16.3511377872339,16.4529205701784,..,..,..
People using at least basic sanitation services (% of population),SH.STA.BASS.ZS,Bermuda,BMU,..,99.9941429050383,99.9107235910615,99.9031400170636,99.9031400170636,99.9031400170636,99.9031400170636,99.9031400170636,99.9031400170636,..,..,..
People using at least basic sanitation services (% of population),SH.STA.BASS.ZS,Bhutan,BTN,..,49.7648678779012,63.0278740417908,64.1331137062707,65.2108405257024,66.2613527077674,67.2851063276581,68.2824838214476,69.2539354517128,..,..,..
People using at least basic sanitation services (% of population),SH.STA.BASS.ZS,Bolivia,BOL,..,34.5145179782466,49.5824052821373,51.3925808171967,53.2121330623575,55.0474922215253,56.9099798669174,58.8000080540831,60.7169375713243,..,..,..
People using at least basic sanitation services (% of population),SH.STA.BASS.ZS,Bosnia and Herzegovina,BIH,..,95.0784432803657,95.2360130639489,95.2539072490449,95.2720360179268,95.2905323559872,95.3129369967902,95.3361487686584,95.3602353087281,..,..,..
People using at least basic sanitation services (% of population),SH.STA.BASS.ZS,Botswana,BWA,..,51.9161137492347,68.592319451826,70.1498570211884,71.6801397886209,73.2176910933369,74.7620657737556,76.0173099341028,77.2692247843667,..,..,..
People using at least basic sanitation services (% of population),SH.STA.BASS.ZS,Brazil,BRA,..,72.8637141854533,83.0145564938286,83.9070988456805,84.7940502928947,85.676585913056,86.5540917460118,87.426360059913,88.2938494055597,..,..,..
People using at least basic sanitation services (% of population),SH.STA.BASS.ZS,British Virgin Islands,VGB,..,96.7851983961345,96.8519143930482,96.8579794836767,96.8579794836767,96.8579794836767,96.8579794836767,96.8579794836767,..,..,..,..
People using at least basic sanitation services (% of population),SH.STA.BASS.ZS,Brunei Darussalam,BRN,..,..,96.3490419463857,96.3490419463857,96.3490419463857,96.3490419463857,96.3490419463857,..,..,..,..,..
People using at least basic sanitation services (% of population),SH.STA.BASS.ZS,Bulgaria,BGR,..,85.8273532296862,85.941619549318,85.9519231719859,85.9622512936689,85.9725800142112,85.9829416171269,85.9933057341552,86.0036981124037,..,..,..
People using at least basic sanitation services (% of population),SH.STA.BASS.ZS,Burkina Faso,BFA,..,11.2876519207883,17.3937919658064,17.7859552319091,18.1554307680267,18.5023008777199,18.8259930750013,19.1262790401477,19.4020870942332,..,..,..
People using at least basic sanitation services (% of population),SH.STA.BASS.ZS,Burundi,BDI,..,45.2147438357859,45.9277130639938,45.9213289130441,45.9106193377862,45.8955054064001,45.8757101376602,45.8510192551699,45.8212048667364,..,..,..
People using at least basic sanitation services (% of population),SH.STA.BASS.ZS,Cabo Verde,CPV,..,40.0408672386966,62.8647919376957,64.781768592968,66.6889307482781,68.5863650584288,70.4741484338521,72.2460008187226,73.8537867599119,..,..,..
People using at least basic sanitation services (% of population),SH.STA.BASS.ZS,Cambodia,KHM,..,9.96339907582624,40.8657583207902,43.9447880527391,47.0573040538121,50.2043997502304,53.3857514274896,56.6015009560733,59.2269659797755,..,..,..
People using at least basic sanitation services (% of population),SH.STA.BASS.ZS,Cameroon,CMR,..,40.0405984999601,38.9778163546843,38.9337620824253,38.8987926448638,38.8728100431357,38.855713046176,38.8474046534115,39.075550156475,..,..,..
People using at least basic sanitation services (% of population),SH.STA.BASS.ZS,Canada,CAN,..,99.7821484904636,99.5176050549222,99.4789713562807,99.4403418296497,99.4017200368672,99.3631209778315,99.324530417856,99.2860128514909,..,..,..
People using at least basic sanitation services (% of population),SH.STA.BASS.ZS,Cayman Islands,CYM,..,..,83.654025,83.654025,83.654025,83.654025,83.654025,83.654025,..,..,..,..
People using at least basic sanitation services (% of population),SH.STA.BASS.ZS,Central African Republic,CAF,..,15.0192618179043,23.9389655482317,24.8270967165202,24.9372247989515,25.0557637267249,25.183111618783,25.3196707449267,..,..,..,..
People using at least basic sanitation services (% of population),SH.STA.BASS.ZS,Chad,TCD,..,11.5476379600523,10.031682996405,9.7094454874899,9.4034552390214,9.11369697500522,8.84037712620922,8.58336858844236,8.34248327844754,..,..,..
People using at least basic sanitation services (% of population),SH.STA.BASS.ZS,Channel Islands,CHI,..,..,98.5,98.5,98.5,98.5,98.5,98.5,98.5,..,..,..
People using at least basic sanitation services (% of population),SH.STA.BASS.ZS,Chile,CHL,..,92.0711090566736,97.805112245095,98.3030010325413,98.7988459969559,99.2546369920863,99.6310285416858,100,100.000001352226,..,..,..
People using at least basic sanitation services (% of population),SH.STA.BASS.ZS,China,CHN,..,56.2896013225494,75.1935551961883,76.7958781604309,78.4556409739346,80.0822936476644,81.6754050978285,83.2351730239196,84.7607877105451,..,..,..
People using at least basic sanitation services (% of population),SH.STA.BASS.ZS,Colombia,COL,..,71.5651499382537,83.3530732131057,84.4057541451035,85.4553652542572,86.5019676296613,87.5458273898057,88.5869940204514,89.6253577567162,..,..,..
People using at least basic sanitation services (% of population),SH.STA.BASS.ZS,Comoros,COM,..,29.2036880559107,34.5313822734144,34.6899268334445,34.8021238075834,34.867431067634,35.8152676781796,35.8348916024195,35.8566241162328,..,..,..
People using at least basic sanitation services (% of population),SH.STA.BASS.ZS,"Congo, Dem. Rep.",COD,..,21.4019754784193,20.4910014135298,20.4803353457291,20.4684046834666,20.4553508668037,20.4412177633718,20.4260982701292,20.4559768639167,..,..,..
People using at least basic sanitation services (% of population),SH.STA.BASS.ZS,"Congo, Rep.",COG,..,11.9201108304489,16.626753634971,17.1843321212816,17.7552090878111,18.3393604125401,18.9369279554828,19.5480531724779,20.1728789244707,..,..,..
People using at least basic sanitation services (% of population),SH.STA.BASS.ZS,Costa Rica,CRI,..,93.2583077061027,96.0674990640312,96.3839192573114,96.6895985679084,96.9851934692206,97.2714376265425,97.5489766928287,97.8183602521861,..,..,..
People using at least basic sanitation services (% of population),SH.STA.BASS.ZS,Cote d'Ivoire,CIV,..,20.9994137694048,27.5709265626127,28.3073284011576,29.0528006862092,29.8071325944733,30.5726951958805,31.3486226163171,32.134907136788,..,..,..
People using at least basic sanitation services (% of population),SH.STA.BASS.ZS,Croatia,HRV,..,96.1556069414538,96.3906195542422,96.4140116024301,96.4379015063181,96.4623153416784,96.4871997942399,96.5125725101914,96.5384458414853,..,..,..
People using at least basic sanitation services (% of population),SH.STA.BASS.ZS,Cuba,CUB,..,87.0260396425456,90.6422780127045,91.0895865971562,91.5362292910897,91.9845521542765,92.4349645752294,92.811458855482,92.8102417631483,..,..,..
People using at least basic sanitation services (% of population),SH.STA.BASS.ZS,Curacao,CUW,..,98.0945513612261,98.818625309451,98.8844502138351,98.9502751182192,98.9502751182192,98.9502751182192,98.9502751182192,98.9502751182192,..,..,..
People using at least basic sanitation services (% of population),SH.STA.BASS.ZS,Cyprus,CYP,..,99.8530978380746,99.4633995706943,99.4117345936359,99.3599164834735,99.3079910141607,99.2560451299793,99.2041337188527,99.1523114561557,..,..,..
People using at least basic sanitation services (% of population),SH.STA.BASS.ZS,Czech Republic,CZE,..,99.1397116935426,99.1372969251309,99.1369154281565,99.1363958116798,99.1358877757976,99.1353786321235,99.1347835792682,99.1340992258206,..,..,..
People using at least basic sanitation services (% of population),SH.STA.BASS.ZS,Denmark,DNK,..,99.5972417823955,99.5972287633355,99.5972291186618,99.5972349958882,99.5972334294952,99.5972276070737,99.5972292785247,99.5972288164915,..,..,..
People using at least basic sanitation services (% of population),SH.STA.BASS.ZS,Djibouti,DJI,..,47.242657052957,56.0856621646342,57.3343824811184,58.5850113523164,59.8366848821208,61.0912273602414,62.3472119631012,63.6053572453779,..,..,..
People using at least basic sanitation services (% of population),SH.STA.BASS.ZS,Dominica,DMA,..,64.0324232699665,77.8927614955628,77.8927614955628,77.8927614955628,77.8927614955628,77.8927614955628,..,..,..,..,..
People using at least basic sanitation services (% of population),SH.STA.BASS.ZS,Dominican Republic,DOM,..,77.7514540768451,81.759506993104,82.1167460645631,82.4732745227877,82.8292593302581,83.1847591538341,83.5395612297675,83.8932063216788,..,..,..
People using at least basic sanitation services (% of population),SH.STA.BASS.ZS,Ecuador,ECU,..,69.672204513178,81.6721016752084,82.7816837813793,83.8894963535994,84.9954468933787,86.0997974620878,87.1765533612846,87.9887160353163,..,..,..
People using at least basic sanitation services (% of population),SH.STA.BASS.ZS,"Egypt, Arab Rep.",EGY,..,92.2213373511838,93.5130346912593,93.6262636099252,93.7394619231753,93.8524973330345,93.9654345873778,94.0783437254313,94.1930218824391,..,..,..
People using at least basic sanitation services (% of population),SH.STA.BASS.ZS,El Salvador,SLV,..,83.2009152431629,86.0305384429253,86.292286572726,86.5423908823372,86.7816313527511,87.0104166879178,87.2276360584094,87.4335666680769,..,..,..
People using at least basic sanitation services (% of population),SH.STA.BASS.ZS,Equatorial Guinea,GNQ,..,54.7905308846902,64.6283698093122,65.4060735995222,66.046944231755,66.1151128875693,66.1825225644556,66.2485414893345,66.3127900215243,..,..,..
People using at least basic sanitation services (% of population),SH.STA.BASS.ZS,Eritrea,ERI,..,8.2853004636308,11.3735398431284,11.5365176711862,11.6362702366749,11.7366806940294,11.8379126212256,11.939966186728,..,..,..,..
People using at least basic sanitation services (% of population),SH.STA.BASS.ZS,Estonia,EST,..,99.7244571474527,99.2817083600488,99.2299109909008,99.1778833388573,99.1256840987145,99.1327756133561,99.1397369617655,99.1465538894863,..,..,..
People using at least basic sanitation services (% of population),SH.STA.BASS.ZS,Eswatini,SWZ,..,50.1431731996734,55.8420811039474,56.3556332622487,56.865156325349,57.3706071769067,57.8718784839098,58.368189143154,58.3519832910244,..,..,..
People using at least basic sanitation services (% of population),SH.STA.BASS.ZS,Ethiopia,ETH,..,3.40384264959384,5.94120036982056,6.17577997331041,6.40637164286717,6.63574094902541,6.86379405974333,7.09074000050604,7.31633289543501,..,..,..
People using at least basic sanitation services (% of population),SH.STA.BASS.ZS,Faroe Islands,FRO,..,..,90.8834757181354,90.8834757181354,90.8834757181354,90.8834757181354,90.8834757181354,..,..,..,..,..
People using at least basic sanitation services (% of population),SH.STA.BASS.ZS,Fiji,FJI,..,79.5227154875823,90.2051817224931,91.31278328116,92.4051085123105,93.4823697465739,94.5445673121753,95.0692288909527,95.0721750698175,..,..,..
People using at least basic sanitation services (% of population),SH.STA.BASS.ZS,Finland,FIN,..,99.4482093292901,99.4479596154442,99.4479213941194,99.4478882875375,99.4478782768771,99.4478672034731,99.4478561836171,99.4478441199711,..,..,..
People using at least basic sanitation services (% of population),SH.STA.BASS.ZS,France,FRA,..,98.6630314224111,98.654715493148,98.6539420974658,98.6531656580999,98.6523831996405,98.6515991661262,98.6508061199955,98.6500115526393,..,..,..
People using at least basic sanitation services (% of population),SH.STA.BASS.ZS,French Polynesia,PYF,..,98.3717549406101,97.1797154962666,97.0713482740536,96.9629810518405,96.8546138296275,96.8546138296275,96.8546138296275,96.8546138296275,..,..,..
People using at least basic sanitation services (% of population),SH.STA.BASS.ZS,Gabon,GAB,..,34.459611670495,44.3088791904548,45.247854865672,46.1937405078128,47.1456463093684,47.3167656262285,47.3663716700662,47.413276717843,..,..,..
People using at least basic sanitation services (% of population),SH.STA.BASS.ZS,"Gambia, The",GMB,..,57.6503574959626,42.9987171823743,41.9394272877495,40.92313763778,39.9483256707542,39.0134164063317,39.1229971328028,39.2311499837464,..,..,..
People using at least basic sanitation services (% of population),SH.STA.BASS.ZS,Georgia,GEO,..,95.0610625071445,91.4981845271869,91.2375628023912,90.9827009244245,90.7337591075014,90.4906429827168,90.2543744187345,90.0247909681897,..,..,..
People using at least basic sanitation services (% of population),SH.STA.BASS.ZS,Germany,DEU,..,99.2181079722301,99.2247328517899,99.2247629994539,99.2247955654011,99.2248233553208,99.2248535093157,99.2249259262689,99.2250375649813,..,..,..
People using at least basic sanitation services (% of population),SH.STA.BASS.ZS,Ghana,GHA,..,8.56140495621148,14.5735452766477,15.2064256909733,15.8462333416338,16.4928443788698,17.1461367343964,17.8059901318619,18.4721656151096,..,..,..
People using at least basic sanitation services (% of population),SH.STA.BASS.ZS,Gibraltar,GIB,..,100,100,100,100,100,100,100,100,..,..,..
People using at least basic sanitation services (% of population),SH.STA.BASS.ZS,Greece,GRC,..,97.3344320184951,98.5147412883931,98.585144541048,98.6534953388929,98.9723013451377,98.9759716306276,98.9795992833896,98.9831907753857,..,..,..
People using at least basic sanitation services (% of population),SH.STA.BASS.ZS,Greenland,GRL,..,99.5972548280682,99.5972437219736,99.5972385570178,99.5972405002567,99.5972369124936,99.5972367092825,99.5972348340332,99.5972321483041,..,..,..
People using at least basic sanitation services (% of population),SH.STA.BASS.ZS,Grenada,GRD,..,89.7301145671362,92.1572984211554,91.8255952774375,91.4938921337197,91.4938921337197,91.4938921337197,91.4938921337197,91.4938921337197,..,..,..
People using at least basic sanitation services (% of population),SH.STA.BASS.ZS,Guam,GUM,..,88.7381724399494,90.216382756005,90.3507655120101,90.3507655120101,90.3507655120101,90.3507655120101,90.3507655120101,..,..,..,..
People using at least basic sanitation services (% of population),SH.STA.BASS.ZS,Guatemala,GTM,..,63.299911502198,64.7373297151247,64.8058618780479,64.8685235264104,64.9253694970549,64.9770448062078,65.0227453574811,65.0631350754195,..,..,..
People using at least basic sanitation services (% of population),SH.STA.BASS.ZS,Guinea,GIN,..,9.42880477871487,18.016371743316,18.7601691924221,19.4998321198285,20.2351490915629,21.060949294468,21.8889933728507,22.7192698908919,..,..,..
People using at least basic sanitation services (% of population),SH.STA.BASS.ZS,Guinea-Bissau,GNB,..,11.6478844406009,17.4916717663926,18.0652982075613,18.6445430682255,19.2298914838996,19.8215788122679,20.4195511071678,20.5380030020396,..,..,..
People using at least basic sanitation services (% of population),SH.STA.BASS.ZS,Guyana,GUY,..,78.8121111660901,83.6827090570482,84.1015709485964,84.5179655187063,84.9329417746939,85.3464871256135,85.7587234586326,85.7631015015164,..,..,..
People using at least basic sanitation services (% of population),SH.STA.BASS.ZS,Haiti,HTI,..,16.7495405978288,28.2056613136228,29.264748857822,30.333325875853,31.4123238749131,32.5017275825736,33.5993507553404,34.7044542884675,..,..,..
People using at least basic sanitation services (% of population),SH.STA.BASS.ZS,Honduras,HND,..,62.636630947879,75.1173751968013,76.1643773118909,77.196722845291,78.2150520122362,79.2190115354285,80.2424818233943,81.2512629376572,..,..,..
People using at least basic sanitation services (% of population),SH.STA.BASS.ZS,"Hong Kong SAR, China",HKG,..,96.8005102040816,96.5923469387755,96.5663265306123,96.540306122449,96.5142857142857,96.4882653061225,96.4622448979592,96.4362244897959,..,..,..
People using at least basic sanitation services (% of population),SH.STA.BASS.ZS,Hungary,HUN,..,98.0437290101669,98.0047616512691,98.002149604168,97.9999138629061,97.9976766107909,97.99545474915,97.9931815860667,97.9908733908907,..,..,..
People using at least basic sanitation services (% of population),SH.STA.BASS.ZS,Iceland,ISL,..,98.7980112220673,98.7845809490436,98.7844127151632,98.7839858228088,98.7835483210001,98.7831146462079,98.7826611990927,98.7821682352681,..,..,..
People using at least basic sanitation services (% of population),SH.STA.BASS.ZS,India,IND,..,16.3692169483449,44.0265428009144,46.5946155283234,49.1708009071867,51.7545862858724,54.3451491757589,56.9416551432333,59.5434482675674,..,..,..
People using at least basic sanitation services (% of population),SH.STA.BASS.ZS,Indonesia,IDN,..,41.0875053714695,61.8715531653606,63.7463792881442,65.622244766085,67.4992974596222,69.3764129189069,71.2531326869839,73.1283873746602,..,..,..
People using at least basic sanitation services (% of population),SH.STA.BASS.ZS,"Iran, Islamic Rep.",IRN,..,87.2474027045531,88.0440828146431,88.0979114186527,88.1498736711137,88.2191990739179,88.2876192509626,88.3552590553333,88.4218671015005,..,..,..
People using at least basic sanitation services (% of population),SH.STA.BASS.ZS,Iraq,IRQ,..,70.9959604843432,84.086485679925,85.7377482152376,87.3973647604596,89.0653518371897,90.741589782041,92.4269066518848,94.1210224523593,..,..,..
People using at least basic sanitation services (% of population),SH.STA.BASS.ZS,Ireland,IRL,..,89.5354202528957,90.6468440743871,90.747357347201,90.8476108942509,90.9475674156755,91.0472790401245,91.1466427754968,91.2451813113421,..,..,..
People using at least basic sanitation services (% of population),SH.STA.BASS.ZS,Isle of Man,IMN,..,..,..,..,..,..,..,..,..,..,..,..
People using at least basic sanitation services (% of population),SH.STA.BASS.ZS,Israel,ISR,..,99.9999969552154,100.000000806407,99.9999976217305,99.9999976588286,99.9999976942717,100.000001513666,99.9999992549263,100.000001466914,..,..,..
People using at least basic sanitation services (% of population),SH.STA.BASS.ZS,Italy,ITA,..,..,98.7692415685267,98.7696920728215,98.7702458205124,98.7707990713357,98.7713458271166,98.7718901962979,98.7724326744163,..,..,..
People using at least basic sanitation services (% of population),SH.STA.BASS.ZS,Jamaica,JAM,..,81.9871687143946,85.4201008468823,85.802700384234,86.184498883317,86.5653598662267,86.9451823863464,87.3237950393943,87.3126001706103,..,..,..
People using at least basic sanitation services (% of population),SH.STA.BASS.ZS,Japan,JPN,..,100,99.9409660950672,99.9332563404992,99.9255465859311,99.9178368313631,99.9101270767951,99.9024173222271,99.8947075676591,..,..,..
People using at least basic sanitation services (% of population),SH.STA.BASS.ZS,Jordan,JOR,..,98.4617750558802,97.8218121467136,97.7551953736594,97.6883223933101,97.6212256131688,97.527294977463,97.4334805775801,97.3397541392762,..,..,..
People using at least basic sanitation services (% of population),SH.STA.BASS.ZS,Kazakhstan,KAZ,..,96.8030208268481,97.4645211017057,97.5330395923614,97.6014243437389,97.66969773918,97.7378270756049,97.8058174106679,97.8737016782929,..,..,..
People using at least basic sanitation services (% of population),SH.STA.BASS.ZS,Kenya,KEN,..,33.590890014826,30.5872654946323,30.3209478038814,30.0587719042793,29.800634730658,29.5466323677871,29.296784785685,29.0511150631439,..,..,..
People using at least basic sanitation services (% of population),SH.STA.BASS.ZS,Kiribati,KIR,..,23.6869349148792,40.2451488396252,41.5511870427386,42.8386593740778,44.1075658336427,45.3579064214333,46.5896811374499,47.802889981692,..,..,..
People using at least basic sanitation services (% of population),SH.STA.BASS.ZS,"Korea, Dem. People’s Rep.",PRK,..,..,78.7500005754432,79.4722804946265,80.198950687781,80.9301790568559,81.6658115877632,82.4086071508094,83.1584104616353,..,..,..
People using at least basic sanitation services (% of population),SH.STA.BASS.ZS,"Korea, Rep.",KOR,..,100,100,100,100,100,100,100,100,..,..,..
People using at least basic sanitation services (% of population),SH.STA.BASS.ZS,Kosovo,XKX,..,..,..,..,..,..,..,..,..,..,..,..
People using at least basic sanitation services (% of population),SH.STA.BASS.ZS,Kuwait,KWT,..,100,100,100,100,100,100,100,100,..,..,..
People using at least basic sanitation services (% of population),SH.STA.BASS.ZS,Kyrgyz Republic,KGZ,..,92.4915369720276,95.714481757837,96.0276739016795,96.338890868455,96.5565511902174,96.5402683099199,96.5211617957052,96.5070669553914,..,..,..
People using at least basic sanitation services (% of population),SH.STA.BASS.ZS,Lao PDR,LAO,..,28.2949983797662,59.069493369337,61.6706489376325,64.2565543945053,66.8284501780308,69.3861205370295,71.9300483856743,74.4594104323402,..,..,..
People using at least basic sanitation services (% of population),SH.STA.BASS.ZS,Latvia,LVA,..,88.4763077815438,90.5163169019544,90.6968738813006,90.8758767577943,91.0531756400343,91.4168579942281,91.7819620526322,92.1482658643503,..,..,..
People using at least basic sanitation services (% of population),SH.STA.BASS.ZS,Lebanon,LBN,..,75.0601570512818,89.1134551282051,90.6749326923078,92.2364102564105,93.7978878205127,95.3593653846154,96.9208429487181,98.4766391682531,..,..,..
People using at least basic sanitation services (% of population),SH.STA.BASS.ZS,Lesotho,LSO,..,8.89512463085045,31.8732960018708,33.722439859847,35.5370664590873,37.3171563659669,39.0626452969588,40.7734163335752,42.7543201871743,..,..,..
People using at least basic sanitation services (% of population),SH.STA.BASS.ZS,Liberia,LBR,..,13.5169266839741,16.0770451568877,16.2341852611443,16.3887075689324,16.5399934092286,16.6880877382428,16.8328071853236,16.9735176994451,..,..,..
People using at least basic sanitation services (% of population),SH.STA.BASS.ZS,Libya,LBY,..,97.4157894736842,99.2105263157895,99.3736842105263,99.5368421052632,99.7,99.8631578947368,100,100,..,..,..
People using at least basic sanitation services (% of population),SH.STA.BASS.ZS,Liechtenstein,LIE,..,99.95,99.95,99.95,99.95,99.95,99.95,99.95,99.95,..,..,..
People using at least basic sanitation services (% of population),SH.STA.BASS.ZS,Lithuania,LTU,..,84.3154474715238,90.0795597485184,90.6297100554695,91.1776170589954,91.7234496046617,92.2672096620697,92.8107230107065,93.3536351507625,..,..,..
People using at least basic sanitation services (% of population),SH.STA.BASS.ZS,Luxembourg,LUX,..,97.7113632166249,97.6336852545397,97.6275883696542,97.6217550616759,97.6161389545442,97.6107391206891,97.6055422480587,97.6005402087149,..,..,..
People using at least basic sanitation services (% of population),SH.STA.BASS.ZS,"Macao SAR, China",MAC,..,..,..,..,..,..,..,..,..,..,..,..
People using at least basic sanitation services (% of population),SH.STA.BASS.ZS,Madagascar,MDG,..,4.55056179920213,8.257861884648,8.62202682756225,8.99014928798304,9.36255868613432,9.73927883465214,10.1206395331252,10.5067603950822,..,..,..
People using at least basic sanitation services (% of population),SH.STA.BASS.ZS,Malawi,MWI,..,20.7973948965162,24.3000045329994,24.6196871171522,24.9400742241687,25.2608771619313,25.582314515932,25.9040021945149,26.2261482497524,..,..,..
People using at least basic sanitation services (% of population),SH.STA.BASS.ZS,Malaysia,MYS,..,96.8033214429338,99.0239185257563,99.2019693541954,99.3772686423884,99.5499082864424,99.5574356816453,99.5648534335206,99.572036160354,..,..,..
People using at least basic sanitation services (% of population),SH.STA.BASS.ZS,Maldives,MDV,..,73.8045119855183,92.7610021885552,94.3984712542641,96.0259056845434,97.6432995598228,99.0490102965694,99.210698916376,99.3729980716322,..,..,..
People using at least basic sanitation services (% of population),SH.STA.BASS.ZS,Mali,MLI,..,16.1921210040338,30.185189700757,31.6448842836578,33.1316890159743,34.6450167153321,36.183794699365,37.7474511125357,39.3354203409472,..,..,..
People using at least basic sanitation services (% of population),SH.STA.BASS.ZS,Malta,MLT,..,100.000000961685,99.9732504363617,99.9703847716229,99.967513302384,99.9646386359351,99.9617580414996,99.9588756324251,99.9559941115273,..,..,..
People using at least basic sanitation services (% of population),SH.STA.BASS.ZS,Marshall Islands,MHL,..,..,81.9006749808307,82.1706966960167,82.4386860513002,82.7052010790222,82.969864826935,83.2329466736467,83.4940573832472,..,..,..
People using at least basic sanitation services (% of population),SH.STA.BASS.ZS,Mauritania,MRT,..,17.440300973802,34.5074107914456,36.6446281656525,38.8569065301558,41.1419707986747,43.4998687128447,45.9304323855632,48.4354897706697,..,..,..
People using at least basic sanitation services (% of population),SH.STA.BASS.ZS,Mauritius,MUS,..,90.0793411102669,94.6568709177671,95.0816123160432,95.5078240631771,95.506953998022,95.5060839512255,95.5053785406077,95.5048377122011,..,..,..
People using at least basic sanitation services (% of population),SH.STA.BASS.ZS,Mexico,MEX,..,75.202752563327,85.8029360434496,86.7170840135494,87.6241607583967,88.5242757549879,89.417275215861,90.3035709697183,91.183055555117,..,..,..
People using at least basic sanitation services (% of population),SH.STA.BASS.ZS,"Micronesia, Fed. Sts.",FSM,..,24.5040311286521,71.2945847694209,75.5482714640366,79.8019581586523,84.055644853268,88.3093315478836,88.3093315478836,88.3093315478836,..,..,..
People using at least basic sanitation services (% of population),SH.STA.BASS.ZS,Moldova,MDA,..,74.3135354514202,75.1082030412844,75.0401093020156,74.9645502028594,74.8815002701657,75.3524478054135,75.8282745084956,76.3081992337757,..,..,..
People using at least basic sanitation services (% of population),SH.STA.BASS.ZS,Monaco,MCO,..,100,100,100,100,100,100,100,100,..,..,..
People using at least basic sanitation services (% of population),SH.STA.BASS.ZS,Mongolia,MNG,..,47.9597100761317,56.0860355239973,56.5546433592219,57.0266988351651,57.5019065589431,57.9807831435327,58.4630159660064,58.4793927670345,..,..,..
People using at least basic sanitation services (% of population),SH.STA.BASS.ZS,Montenegro,MNE,..,..,94.6133958195105,95.4931741165229,96.3773666086697,97.2266555042494,97.7345806146316,97.7542037986249,97.773878293269,..,..,..
People using at least basic sanitation services (% of population),SH.STA.BASS.ZS,Morocco,MAR,..,65.7084121060023,82.6499804338513,84.1969917856138,85.7383482784647,86.6509281004231,87.5445337400597,88.4194643782585,88.5036440702561,..,..,..
People using at least basic sanitation services (% of population),SH.STA.BASS.ZS,Mozambique,MOZ,..,10.4575259244603,22.0345015551419,23.2244135193009,24.4269467022285,25.6419697278437,26.8693541009156,28.1089576514254,29.3602946452755,..,..,..
People using at least basic sanitation services (% of population),SH.STA.BASS.ZS,Myanmar,MMR,..,70.8873221792432,66.6258737867948,66.2403684581324,65.8550633138111,65.4702791484742,65.0881885509619,64.7089808552414,64.332684035717,..,..,..
People using at least basic sanitation services (% of population),SH.STA.BASS.ZS,Namibia,NAM,..,28.1115773119371,32.5070482020507,32.8745291022829,33.2299166822037,33.5730818969816,33.9028599771667,34.2134144549493,34.503736926834,..,..,..
People using at least basic sanitation services (% of population),SH.STA.BASS.ZS,Nauru,NRU,..,65.7020529335689,65.6119151188703,65.6037207720796,65.5955264252888,65.5955264252888,65.5955264252888,65.5955264252888,65.5955264252888,..,..,..
People using at least basic sanitation services (% of population),SH.STA.BASS.ZS,Nepal,NPL,..,15.1242484331543,43.7340034692654,46.6569125705191,49.6325309594625,52.6606553672886,55.7405171903952,58.8717272027491,62.0535954492586,..,..,..
People using at least basic sanitation services (% of population),SH.STA.BASS.ZS,Netherlands,NLD,..,98.056595578817,97.7903680297139,97.7733542809585,97.758976832463,97.7469000392779,97.7353051971191,97.7242169327987,97.7136100615755,..,..,..
People using at least basic sanitation services (% of population),SH.STA.BASS.ZS,New Caledonia,NCL,..,100,100,100,100,100,100,100,100,..,..,..
People using at least basic sanitation services (% of population),SH.STA.BASS.ZS,New Zealand,NZL,..,100.000003163264,100,100.000001366129,100,100.000001336526,100,99.9999986904668,100,..,..,..
People using at least basic sanitation services (% of population),SH.STA.BASS.ZS,Nicaragua,NIC,..,58.3664434807396,69.396312940991,70.397315424857,71.3970956383212,72.3954248379697,73.3925363894438,74.3884311436213,74.4347308149472,..,..,..
People using at least basic sanitation services (% of population),SH.STA.BASS.ZS,Niger,NER,..,5.0724455523672,11.0247978956269,11.472558436205,11.9068635523949,12.3328092559495,12.751414615261,13.162346171839,13.5666596878817,..,..,..
People using at least basic sanitation services (% of population),SH.STA.BASS.ZS,Nigeria,NGA,..,29.5158141862928,34.941007195915,35.5944784397849,36.2684167081597,36.9630343050278,37.6785349032347,38.4146316988658,39.1717540974593,..,..,..
People using at least basic sanitation services (% of population),SH.STA.BASS.ZS,North Macedonia,MKD,..,85.2123120773496,94.5416640155387,95.9498939327285,97.0102086898794,97.5748322795617,98.1391512705549,98.7025714971334,99.1247422137253,..,..,..
People using at least basic sanitation services (% of population),SH.STA.BASS.ZS,Northern Mariana Islands,MNP,..,75.3126783482263,77.6371236138197,77.8484368197827,78.0597500257458,78.2710632317088,78.4823764376719,78.6936896436349,78.905002849598,..,..,..
People using at least basic sanitation services (% of population),SH.STA.BASS.ZS,Norway,NOR,..,98.07193734872,98.0616337850074,98.0603768063313,98.0591396337319,98.0579239974478,98.0567269907103,98.0555415844725,98.0543915037278,..,..,..
People using at least basic sanitation services (% of population),SH.STA.BASS.ZS,Oman,OMN,..,88.6915685367918,97.9854077376639,98.8842855156123,99.5376287070588,99.8353015452048,100,99.9999972412006,99.9999986835267,..,..,..
People using at least basic sanitation services (% of population),SH.STA.BASS.ZS,Pakistan,PAK,..,31.3666565041458,50.6559110102354,52.2028121063479,53.7149140429518,55.1931968181609,56.6379614003784,58.2573676043121,59.869495032297,..,..,..
People using at least basic sanitation services (% of population),SH.STA.BASS.ZS,Palau,PLW,..,99.3033185139195,99.8217671450737,99.8822142050703,99.94161605909,99.9999954789309,99.999997760066,100.000004435076,99.9999978055265,..,..,..
People using at least basic sanitation services (% of population),SH.STA.BASS.ZS,Panama,PAN,..,61.0730742161152,75.6058754667289,76.978863575394,78.3589244712458,79.7465415452279,81.1413614629431,82.2291176194899,83.3154589674842,..,..,..
People using at least basic sanitation services (% of population),SH.STA.BASS.ZS,Papua New Guinea,PNG,..,20.8765271143846,16.5460030508825,15.9355971915204,15.3297139740248,14.7282438088019,14.1310818095844,13.5381230826238,12.9492669676698,..,..,..
People using at least basic sanitation services (% of population),SH.STA.BASS.ZS,Paraguay,PRY,..,70.3350758556578,83.3246731694052,84.4281598198095,85.5170809265793,86.5957482203128,87.6663465546891,88.7290634925577,89.7836914311379,..,..,..
People using at least basic sanitation services (% of population),SH.STA.BASS.ZS,Peru,PER,..,64.2026911506546,71.2587060470818,71.7911463222805,72.3159323105293,72.8334399119774,73.3439761149837,73.8470364098305,74.3429565941762,..,..,..
People using at least basic sanitation services (% of population),SH.STA.BASS.ZS,Philippines,PHL,..,62.1324908695743,69.8030666410969,70.9083869819003,72.020442678325,73.1389559195896,74.2639813481076,75.3953348862819,76.5335020674233,..,..,..
People using at least basic sanitation services (% of population),SH.STA.BASS.ZS,Poland,POL,..,87.5745494190394,94.9547160122808,95.6349966024315,96.3180157321541,97.0037030322295,97.6921050018281,98.3831010633765,98.7966102160572,..,..,..
People using at least basic sanitation services (% of population),SH.STA.BASS.ZS,Portugal,PRT,..,97.3162014198611,98.9229481768202,99.0558777166873,99.1866841618747,99.3154049778061,99.4420660056047,99.5667060897485,99.6089231422543,..,..,..
People using at least basic sanitation services (% of population),SH.STA.BASS.ZS,Puerto Rico,PRI,..,97.0576622484337,97.1307090168345,97.1373496321436,97.1439902474528,97.1506308627619,97.1572714780711,97.1639120933803,97.1705527086894,..,..,..
People using at least basic sanitation services (% of population),SH.STA.BASS.ZS,Qatar,QAT,..,99.9897442118958,100,100,100,100,100,100,100,..,..,..
People using at least basic sanitation services (% of population),SH.STA.BASS.ZS,Romania,ROU,..,..,79.8552386110562,80.6028426305806,81.335418658594,82.0689128053167,82.809636148781,83.5572009536663,84.3099243448145,..,..,..
People using at least basic sanitation services (% of population),SH.STA.BASS.ZS,Russian Federation,RUS,..,83.3789431941458,87.9671102925436,88.3844145197159,88.8030282147264,89.2228461604168,89.6429086909802,90.0628815099411,90.4822246231903,..,..,..
People using at least basic sanitation services (% of population),SH.STA.BASS.ZS,Rwanda,RWA,..,45.4409471748128,59.4661806207633,60.6696601397155,61.8675278383408,63.058009825272,64.2398841434924,65.4122884836049,66.5738423996839,..,..,..
People using at least basic sanitation services (% of population),SH.STA.BASS.ZS,Samoa,WSM,..,97.5609929453372,97.8716803969721,97.9196575965616,97.9681460268877,98.0172304137694,98.0668879255986,98.1171332117969,98.1679393435428,..,..,..
People using at least basic sanitation services (% of population),SH.STA.BASS.ZS,San Marino,SMR,..,100,100,100,100,100,100,100,100,..,..,..
People using at least basic sanitation services (% of population),SH.STA.BASS.ZS,Sao Tome and Principe,STP,..,20.3880297270893,35.4937766244878,36.9601541457903,38.4273137711431,39.8951992669561,41.3628413002751,42.8296504184777,42.9749442799422,..,..,..
People using at least basic sanitation services (% of population),SH.STA.BASS.ZS,Saudi Arabia,SAU,..,98.410108060132,99.372884987204,99.4798602013231,99.5868354154422,99.6938106295613,99.8007858436804,99.9077610577995,100,..,..,..
People using at least basic sanitation services (% of population),SH.STA.BASS.ZS,Senegal,SEN,..,38.8866940812192,47.2261633364696,47.9527609184414,48.6713357188458,49.3817204316957,50.085937788062,50.7833189360468,51.4739895210374,..,..,..
People using at least basic sanitation services (% of population),SH.STA.BASS.ZS,Serbia,SRB,..,95.2796877970493,96.7628219394982,96.9948342998248,97.2259975797595,97.457313494774,97.6353585803324,97.6006985064387,97.5671990309622,..,..,..
People using at least basic sanitation services (% of population),SH.STA.BASS.ZS,Seychelles,SYC,..,94.1377098712811,98.8111344944496,99.2359912783739,99.5770997890825,100,100,100,100,..,..,..
People using at least basic sanitation services (% of population),SH.STA.BASS.ZS,Sierra Leone,SLE,..,10.1804513873397,13.5454192553466,13.8892214518509,14.2357223208275,14.5852528527224,14.9376369824469,15.2930421846313,15.6526615756648,..,..,..
People using at least basic sanitation services (% of population),SH.STA.BASS.ZS,Singapore,SGP,..,100,100,100,100,100,100,100,100,..,..,..
People using at least basic sanitation services (% of population),SH.STA.BASS.ZS,Sint Maarten (Dutch part),SXM,..,98.3844236135577,98.7200107224233,98.750518641411,98.7810265603988,98.7810265603988,98.7810265603988,98.7810265603988,98.7810265603988,..,..,..
People using at least basic sanitation services (% of population),SH.STA.BASS.ZS,Slovak Republic,SVK,..,97.8650795733558,97.9069722301574,97.9115043344107,97.9160642154886,97.9206519499257,97.9258750045635,97.9317039501028,97.938130390532,..,..,..
People using at least basic sanitation services (% of population),SH.STA.BASS.ZS,Slovenia,SVN,..,99.107820056208,99.108879281195,99.1089941605166,99.1091055971021,99.109214610191,99.1093289713978,99.1094420530143,99.1095679283407,..,..,..
People using at least basic sanitation services (% of population),SH.STA.BASS.ZS,Solomon Islands,SLB,..,20.434997524884,27.8486005579085,28.834990798123,29.8293258277263,30.8310582821353,31.8407686798114,32.7539413553691,33.5283536272378,..,..,..
People using at least basic sanitation services (% of population),SH.STA.BASS.ZS,Somalia,SOM,..,19.6665576084368,30.7063554072966,31.9187269579436,33.1544240814035,34.4139816029599,35.697536564432,37.0052293737066,38.3363802636407,..,..,..
People using at least basic sanitation services (% of population),SH.STA.BASS.ZS,South Africa,ZAF,..,58.7841437080833,70.0585098926086,71.0320280490651,71.9954342626451,72.9488812993575,73.8920840280527,74.8248775544321,75.7470984022963,..,..,..
People using at least basic sanitation services (% of population),SH.STA.BASS.ZS,South Sudan,SSD,..,..,6.62739377909383,7.31417158088351,8.036519824913,8.79622285114828,9.59567927573564,10.4367698406838,11.3216843085857,..,..,..
People using at least basic sanitation services (% of population),SH.STA.BASS.ZS,Spain,ESP,..,99.9018663122763,99.9039507590122,99.9041136126993,99.9042607152686,99.9043777343267,99.9043346754355,99.9042864325663,99.9042308892552,..,..,..
People using at least basic sanitation services (% of population),SH.STA.BASS.ZS,Sri Lanka,LKA,..,84.6379230351461,91.7100128627512,92.3933969745789,93.0745543045389,93.7537003712663,94.4311024636432,95.1070300240266,95.7817263595986,..,..,..
People using at least basic sanitation services (% of population),SH.STA.BASS.ZS,St. Kitts and Nevis,KNA,..,85.3535595238095,91.60912585034,91.60912585034,91.60912585034,..,..,..,..,..,..,..
People using at least basic sanitation services (% of population),SH.STA.BASS.ZS,St. Lucia,LCA,..,81.5131646218441,87.425666908215,88.134014087108,88.664929713793,88.3697726080491,88.3654865403902,88.3599106861634,88.352908609115,..,..,..
People using at least basic sanitation services (% of population),SH.STA.BASS.ZS,St. Martin (French part),MAF,..,..,..,..,..,..,..,..,..,..,..,..
People using at least basic sanitation services (% of population),SH.STA.BASS.ZS,St. Vincent and the Grenadines,VCT,..,70.8297776602893,83.6797947777826,84.8479781521002,86.0161615264178,87.1843449007354,87.1843449007354,87.1843449007354,87.1843449007354,..,..,..
People using at least basic sanitation services (% of population),SH.STA.BASS.ZS,Sudan,SDN,..,20.5919430987218,29.57154929462,30.9207570215767,32.2863930251012,33.6685182359929,35.0682358309602,36.4856259137097,36.5750324901267,..,..,..
People using at least basic sanitation services (% of population),SH.STA.BASS.ZS,Suriname,SUR,..,79.1913109575332,82.6032628443634,82.9050139748031,83.208003258107,83.5151773999667,83.826232917912,84.1405219271688,84.4575831711356,..,..,..
People using at least basic sanitation services (% of population),SH.STA.BASS.ZS,Sweden,SWE,..,99.3138973611456,99.308809449542,99.3074750594886,99.3050408939563,99.3026268290557,99.3002378960326,99.2978635153929,99.2955203776241,..,..,..
People using at least basic sanitation services (% of population),SH.STA.BASS.ZS,Switzerland,CHE,..,99.8998749043291,99.8934393942855,99.8928221110681,99.8922055758708,99.8915903462831,99.8909732281809,99.8903626469298,99.8903735152104,..,..,..
People using at least basic sanitation services (% of population),SH.STA.BASS.ZS,Syrian Arab Republic,SYR,..,92.5846746567819,92.3163567860784,92.1161668857742,91.9131239037211,91.7198908328748,91.5617182338678,91.3960320441301,91.2228713963244,..,..,..
People using at least basic sanitation services (% of population),SH.STA.BASS.ZS,Tajikistan,TJK,..,89.6696432589861,94.3322641442905,94.7808507873956,95.2297651223135,95.6787297491087,96.127462106441,96.5756699575137,97.0230622220689,..,..,..
People using at least basic sanitation services (% of population),SH.STA.BASS.ZS,Tanzania,TZA,..,4.32071717053474,20.8071122604796,22.3191879502605,23.8337823967457,25.3505219558725,26.8694842719888,28.3903801030958,29.9134390163845,..,..,..
People using at least basic sanitation services (% of population),SH.STA.BASS.ZS,Thailand,THA,..,92.0172588799096,96.2588014425242,96.6909762522809,97.1277539054387,97.5395227866272,97.9553076440954,98.3964459318312,98.7507346105258,..,..,..
People using at least basic sanitation services (% of population),SH.STA.BASS.ZS,Timor-Leste,TLS,..,..,46.9333540635759,48.0293115181677,49.1260554214883,50.2236768252556,51.3219327340004,52.4205663360907,53.5190078259669,..,..,..
People using at least basic sanitation services (% of population),SH.STA.BASS.ZS,Togo,TGO,..,9.98560247722375,13.6793967127495,14.0775403543354,14.4797388122459,14.886245160064,15.2968790181638,15.7123050848875,16.1321037019284,..,..,..
People using at least basic sanitation services (% of population),SH.STA.BASS.ZS,Tonga,TON,..,88.7273474545332,92.0548295178458,92.5215863580276,92.9862337526886,93.4517953360903,93.449624426674,93.4474485190954,93.4452709131028,..,..,..
People using at least basic sanitation services (% of population),SH.STA.BASS.ZS,Trinidad and Tobago,TTO,..,90.019009188751,92.8748928446562,93.136716262933,93.3989059531058,93.3989059531058,93.3989059531058,93.3989059531058,93.3989059531058,..,..,..
People using at least basic sanitation services (% of population),SH.STA.BASS.ZS,Tunisia,TUN,..,77.0792937462121,86.9937685014484,87.8991235444837,88.8024745665886,89.7042528349911,90.2960816312422,90.8801279611371,90.9213974244787,..,..,..
People using at least basic sanitation services (% of population),SH.STA.BASS.ZS,Turkey,TUR,..,81.9470560965048,93.3788679696353,94.4756738469095,95.5654817284986,96.6489926748317,97.1943574616643,97.2464434502612,97.2972339627788,..,..,..
People using at least basic sanitation services (% of population),SH.STA.BASS.ZS,Turkmenistan,TKM,..,92.807063842176,96.1098594910694,96.5419442049515,96.9768472198757,97.4148245185021,97.8479008662375,98.2720354859026,98.6991984721935,..,..,..
People using at least basic sanitation services (% of population),SH.STA.BASS.ZS,Turks and Caicos Islands,TCA,..,80.8931818181818,86.4681818181818,86.975,87.4818181818182,87.9886363636364,87.9886363636364,87.9886363636364,87.9886363636364,..,..,..
People using at least basic sanitation services (% of population),SH.STA.BASS.ZS,Tuvalu,TUV,..,..,83.5357200919529,83.9977184079698,84.3837500091164,84.1725974355342,84.1402166598961,84.1088305981013,84.07847367017,..,..,..
People using at least basic sanitation services (% of population),SH.STA.BASS.ZS,Uganda,UGA,..,17.3895118664146,18.2643512867234,18.3124733357556,18.3550432661213,18.3925073565579,18.4246365702774,18.4512325874185,18.4723181554851,..,..,..
People using at least basic sanitation services (% of population),SH.STA.BASS.ZS,Ukraine,UKR,..,94.3960834976554,95.8067040652881,95.9428217980808,96.0785204897458,96.2137956872179,96.2173303398512,96.2208611217562,96.2243559906192,..,..,..
People using at least basic sanitation services (% of population),SH.STA.BASS.ZS,United Arab Emirates,ARE,..,98.520198565434,98.561329926849,98.5654430629905,98.569556199132,98.5736693352735,98.577782471415,98.5818956075565,98.586008743698,..,..,..
People using at least basic sanitation services (% of population),SH.STA.BASS.ZS,United Kingdom,GBR,..,99.1299892087836,99.1171881740454,99.116017720991,99.1148560363009,99.1137016178293,99.1125589445616,99.11142062993,99.1102954789708,..,..,..
People using at least basic sanitation services (% of population),SH.STA.BASS.ZS,United States,USA,..,99.966820658955,99.9688318574833,99.9690185037399,99.969212956187,99.9694067198877,99.9696072219909,99.9698121431811,99.9700187653163,..,..,..
People using at least basic sanitation services (% of population),SH.STA.BASS.ZS,Uruguay,URY,..,93.8417002849647,95.4039455156896,95.6070952233867,95.8078015189494,96.0070185516926,96.2047989389066,96.4011804189695,96.59619233959,..,..,..
People using at least basic sanitation services (% of population),SH.STA.BASS.ZS,Uzbekistan,UZB,..,92.6781990505083,99.0596617543826,99.5975111027653,99.9748364134754,100,100,100,100,..,..,..
People using at least basic sanitation services (% of population),SH.STA.BASS.ZS,Vanuatu,VUT,..,61.8168299346498,46.5057648549991,44.3803877709138,42.2759585607444,40.1924286028929,38.1297413145,36.0880241479361,34.06705759659,..,..,..
People using at least basic sanitation services (% of population),SH.STA.BASS.ZS,"Venezuela, RB",VEN,..,..,93.9350190169228,93.9350190169228,93.9350190169228,93.9350190169228,93.9350190169228,93.9350190169228,93.9350190169228,..,..,..
People using at least basic sanitation services (% of population),SH.STA.BASS.ZS,Vietnam,VNM,..,52.3656634709118,72.8544229749969,74.6793645745158,76.4917212399272,78.2921837539274,80.0803118689905,81.8557036274928,83.5150494720583,..,..,..
People using at least basic sanitation services (% of population),SH.STA.BASS.ZS,Virgin Islands (U.S.),VIR,..,98.9351056202499,99.2349738088872,99.2622345533088,99.2894952977304,99.316756042152,99.3440167865736,99.3712775309951,99.3712775309951,..,..,..
People using at least basic sanitation services (% of population),SH.STA.BASS.ZS,West Bank and Gaza,PSE,..,90.1476534593952,94.8151495254311,95.3599548652633,95.9044086644261,96.4396083165048,96.9160570352754,96.9275988007193,96.9390069116479,..,..,..
People using at least basic sanitation services (% of population),SH.STA.BASS.ZS,"Yemen, Rep.",YEM,..,42.1041191123344,54.056046750682,55.1928309718899,56.3120847804102,57.4127551056478,58.4952122830077,58.7729838232208,59.0530031159991,..,..,..
People using at least basic sanitation services (% of population),SH.STA.BASS.ZS,Zambia,ZMB,..,23.6634844678545,25.4759287270983,25.6111571534244,25.7403004359935,25.8626315395203,25.9782578335857,26.0864909502766,26.370118490977,..,..,..
People using at least basic sanitation services (% of population),SH.STA.BASS.ZS,Zimbabwe,ZWE,..,45.9341494974723,40.3471290926347,39.6431845843461,38.9429025724245,38.2514605428637,37.5681068462837,36.8917311690778,36.2213975596494,..,..,..
People using at least basic sanitation services (% of population),SH.STA.BASS.ZS,Arab World,ARB,..,73.6382550933011,79.9296209441006,80.5716564182019,81.2062586297239,81.7822248136301,82.3500012220259,82.8417655106969,83.1122350783872,..,..,..
People using at least basic sanitation services (% of population),SH.STA.BASS.ZS,Caribbean small states,CSS,..,83.3057443564564,87.3393209898985,87.7084249752276,88.0620944759258,88.3213492610608,88.594836667451,88.9593256025907,89.0112985505125,..,..,..
People using at least basic sanitation services (% of population),SH.STA.BASS.ZS,Central Europe and the Baltics,CEB,..,91.4774020668444,92.2315607377179,92.6578379096221,93.0797943773281,93.5029138756632,93.9355628614444,94.3733396624395,94.7107945128764,..,..,..
People using at least basic sanitation services (% of population),SH.STA.BASS.ZS,Early-demographic dividend,EAR,..,38.0771523322512,56.3645686108766,58.0018575075689,59.632765972936,61.251139107119,62.8499555909775,64.4331959677047,65.6101022336807,..,..,..
People using at least basic sanitation services (% of population),SH.STA.BASS.ZS,East Asia & Pacific,EAS,..,60.7604436434278,76.1005938211846,77.4265273254031,78.7875241178455,80.1299665559916,81.4519231729434,82.7534846771902,84.0257831452168,..,..,..
People using at least basic sanitation services (% of population),SH.STA.BASS.ZS,East Asia & Pacific (excluding high income),EAP,..,56.2160222059246,73.4891885940547,74.971646555474,76.4928034022887,77.9911553413173,79.4653870484728,80.9191400674376,82.3378239220104,..,..,..
People using at least basic sanitation services (% of population),SH.STA.BASS.ZS,East Asia & Pacific (IDA & IBRD countries),TEA,..,56.2162567258676,73.4233489691018,74.9155659867502,76.4468719044224,77.9549863651922,79.438581919174,80.9013146293383,82.3284158799998,..,..,..
People using at least basic sanitation services (% of population),SH.STA.BASS.ZS,Euro area,EMU,..,98.5549945378254,98.7789125309981,98.7930099973223,98.8058485491786,98.8263325641885,98.83837150791,98.8503545370675,98.8594245242755,..,..,..
People using at least basic sanitation services (% of population),SH.STA.BASS.ZS,Europe & Central Asia,ECS,..,92.3798521215429,95.318385896623,95.6044422124578,95.8861440645794,96.1516446566152,96.3542019941982,96.4966522242079,96.6248358929873,..,..,..
People using at least basic sanitation services (% of population),SH.STA.BASS.ZS,Europe & Central Asia (excluding high income),ECA,..,86.4629329884386,91.9904990174312,92.5442921021381,93.0876868755696,93.5848675531203,93.9420653586051,94.1573746809785,94.3708245409168,..,..,..
People using at least basic sanitation services (% of population),SH.STA.BASS.ZS,Europe & Central Asia (IDA & IBRD countries),TEC,..,86.6725177405482,91.7345649467701,92.3064951989997,92.8683762408803,93.3904079524218,93.7923546114067,94.0722312437816,94.3267613752356,..,..,..
People using at least basic sanitation services (% of population),SH.STA.BASS.ZS,European Union,EUU,..,97.0640942822795,97.3591069301183,97.4702345030333,97.5799775103436,97.6952366863839,97.8043965607985,97.9139851039108,97.9967595872088,..,..,..
People using at least basic sanitation services (% of population),SH.STA.BASS.ZS,Fragile and conflict affected situations,FCS,..,35.9219832186226,41.7064124217372,42.1050867630418,42.5059473324988,42.911251553406,43.3202601139317,43.6962583448763,44.2700194454335,..,..,..
People using at least basic sanitation services (% of population),SH.STA.BASS.ZS,Heavily indebted poor countries (HIPC),HPC,..,17.1919966911283,23.0524082829661,23.646936355473,24.2378526719234,24.8307325516228,25.4238106349334,26.0203132431696,26.6211620549945,..,..,..
People using at least basic sanitation services (% of population),SH.STA.BASS.ZS,High income,HIC,..,98.6151766716882,98.7881172377388,98.8480542385903,98.9063679204522,98.9648419661895,99.0191273518515,99.072936093425,99.111481401088,..,..,..
People using at least basic sanitation services (% of population),SH.STA.BASS.ZS,IBRD only,IBD,..,52.2414890322631,69.2244380399258,70.768504117152,72.3354994303387,73.8853203690883,75.4132082093885,76.9195300372658,78.2516659196042,..,..,..
People using at least basic sanitation services (% of population),SH.STA.BASS.ZS,IDA & IBRD total,IBT,..,47.2119974697753,61.4135733214566,62.6740015395595,63.9445938404655,65.1950463869458,66.4237785304751,67.6351830709506,68.6975806808633,..,..,..
People using at least basic sanitation services (% of population),SH.STA.BASS.ZS,IDA blend,IDB,..,35.8331793256614,44.8051635992793,45.576446284303,46.3345193844201,47.0702035892059,47.8026228084294,48.6077678756667,49.4320375385834,..,..,..
People using at least basic sanitation services (% of population),SH.STA.BASS.ZS,IDA only,IDX,..,25.0614534032632,32.1381530928085,32.7557298971597,33.3595923718753,33.9660391322556,34.5832119442635,35.1933653764688,35.8703217087153,..,..,..
People using at least basic sanitation services (% of population),SH.STA.BASS.ZS,IDA total,IDA,..,28.6807106162099,36.3808257728712,37.0543055679692,37.7144368705095,38.3685146552451,39.0278157100422,39.7055427438529,40.4564775435105,..,..,..
People using at least basic sanitation services (% of population),SH.STA.BASS.ZS,Late-demographic dividend,LTE,..,64.4292102064163,79.6257892213554,80.9210339211966,82.248853786207,83.5389047633037,84.8011536686223,86.0313289755015,87.2085186891433,..,..,..
People using at least basic sanitation services (% of population),SH.STA.BASS.ZS,Latin America & Caribbean,LCN,..,73.2807970914895,82.8695789998473,83.641474640766,84.3988611066206,85.1202595753984,85.8336497212159,86.5373510543634,86.6686823169423,..,..,..
People using at least basic sanitation services (% of population),SH.STA.BASS.ZS,Latin America & Caribbean (excluding high income),LAC,..,72.3189971097922,82.2455904355055,83.0362600104946,83.8110675586217,84.5498569212481,85.2809955621817,86.0033483955556,86.0938053673703,..,..,..
People using at least basic sanitation services (% of population),SH.STA.BASS.ZS,Latin America & the Caribbean (IDA & IBRD countries),TLA,..,72.7361719905367,82.6049452413037,83.3923153125533,84.1643168010899,84.8993006818462,85.6257873290825,86.3436465256325,86.4691505818356,..,..,..
People using at least basic sanitation services (% of population),SH.STA.BASS.ZS,Least developed countries: UN classification,LDC,..,22.1348896065221,29.8444256759043,30.5837558529131,31.3162110731326,32.0464468265999,32.7739121011985,33.4796214380622,34.2378807915011,..,..,..
People using at least basic sanitation services (% of population),SH.STA.BASS.ZS,Low & middle income,LMY,..,46.769538019379,61.1044834523099,62.374266137166,63.6541996686397,64.914031858446,66.1516345427261,67.3711048863432,68.4399701657911,..,..,..
People using at least basic sanitation services (% of population),SH.STA.BASS.ZS,Low income,LIC,..,20.9233819048784,27.6956550676542,28.0135496477654,28.3125885792555,28.6237519772115,28.9647762895787,29.3015583121094,29.7057985794353,..,..,..
People using at least basic sanitation services (% of population),SH.STA.BASS.ZS,Lower middle income,LMC,..,31.8766906514566,49.9841242525265,51.6756808275503,53.367219337607,55.0425612883539,56.7100057323798,58.3842621002463,60.0336194072659,..,..,..
People using at least basic sanitation services (% of population),SH.STA.BASS.ZS,Middle East & North Africa,MEA,..,83.6810197859628,88.4453069210821,88.8858692548852,89.3235686374689,89.7134012150863,90.0956217881752,90.4100197133624,90.6428613544688,..,..,..
People using at least basic sanitation services (% of population),SH.STA.BASS.ZS,Middle East & North Africa (excluding high income),MNA,..,81.8011410020477,86.6748776304303,87.1439179322199,87.6180407672487,88.0442749681573,88.4662846532477,88.8140157942109,89.0705444768549,..,..,..
People using at least basic sanitation services (% of population),SH.STA.BASS.ZS,Middle East & North Africa (IDA & IBRD countries),TMN,..,81.7128865197427,86.5805045078344,87.0480308113525,87.520751266261,87.9451500978606,88.3659767356227,88.7171810761105,88.9763407033069,..,..,..
People using at least basic sanitation services (% of population),SH.STA.BASS.ZS,Middle income,MIC,..,48.87077180895,64.5604551012609,65.9780068727797,67.4110272929247,68.8242105970229,70.2142309512004,71.5892590515506,72.7727690801241,..,..,..
People using at least basic sanitation services (% of population),SH.STA.BASS.ZS,North America,NAC,..,99.9487160558579,99.9240332028357,99.920207873599,99.9163606239322,99.9125342700569,99.9088399445459,99.904916293158,99.9008798774474,..,..,..
People using at least basic sanitation services (% of population),SH.STA.BASS.ZS,Not classified,INX,..,..,..,..,..,..,..,..,..,..,..,..
People using at least basic sanitation services (% of population),SH.STA.BASS.ZS,OECD members,OED,..,94.8996103002843,97.1668962390736,97.3649967602999,97.5644958175739,97.7671028720555,97.935855016606,98.0757681203872,98.201661704479,..,..,..
People using at least basic sanitation services (% of population),SH.STA.BASS.ZS,Other small states,OSS,..,54.0873225910159,63.5654840965215,64.179894294257,64.73830024794,65.2328378456726,65.6882151380091,65.6872943784662,66.0871142428208,..,..,..
People using at least basic sanitation services (% of population),SH.STA.BASS.ZS,Pacific island small states,PSS,..,61.6517827315809,67.6572131126636,68.07111381253,68.4552806485007,68.8286293286022,69.1918761787382,69.1548543079177,68.9121247472095,..,..,..
People using at least basic sanitation services (% of population),SH.STA.BASS.ZS,Post-demographic dividend,PST,..,98.8611146001173,99.09928806025,99.1195439179512,99.1390988599393,99.1614179250465,99.1700142115631,99.1780162095018,99.1810933716312,..,..,..
People using at least basic sanitation services (% of population),SH.STA.BASS.ZS,Pre-demographic dividend,PRE,..,23.9022372552083,29.43207184398,30.0963467936406,30.7701409531011,31.4483328423638,32.1238651431342,32.7974008378108,33.5416947529149,..,..,..
People using at least basic sanitation services (% of population),SH.STA.BASS.ZS,Small states,SST,..,61.5282778224779,68.4697275845285,68.9719020669055,69.432167093,69.8031170687789,70.1720253852533,70.2036899733105,70.4518971068502,..,..,..
People using at least basic sanitation services (% of population),SH.STA.BASS.ZS,South Asia,SAS,..,19.7878964889689,44.8890558884311,47.1867181648529,49.4876688481,51.7888253268543,54.0889024881901,56.4119848997239,58.7346847787209,..,..,..
People using at least basic sanitation services (% of population),SH.STA.BASS.ZS,South Asia (IDA & IBRD),TSA,..,19.7878964889689,44.8890558884311,47.1867181648529,49.4876688481,51.7888253268543,54.0889024881901,56.4119848997239,58.7346847787209,..,..,..
People using at least basic sanitation services (% of population),SH.STA.BASS.ZS,Sub-Saharan Africa,SSF,..,22.9957174796601,27.6820027760715,28.2001407720283,28.7206141746037,29.2459913420693,29.7743438083153,30.308336257601,30.8885983360163,..,..,..
People using at least basic sanitation services (% of population),SH.STA.BASS.ZS,Sub-Saharan Africa (excluding high income),SSA,..,22.8659154870473,27.5809614439214,28.1016361775128,28.6245792213833,29.1529632116334,29.6842588940506,30.2212077281276,30.80372159388,..,..,..
People using at least basic sanitation services (% of population),SH.STA.BASS.ZS,Sub-Saharan Africa (IDA & IBRD countries),TSS,..,22.9957174796601,27.6820027760715,28.2001407720283,28.7206141746037,29.2459913420693,29.7743438083153,30.308336257601,30.8885983360163,..,..,..
People using at least basic sanitation services (% of population),SH.STA.BASS.ZS,Upper middle income,UMC,..,63.9487161685563,78.6251027779608,79.8774595882281,81.1544540554192,82.4029226386564,83.6110737221321,84.7783524377703,85.7858455659651,..,..,..
People using at least basic sanitation services (% of population),SH.STA.BASS.ZS,World,WLD,..,55.4653360634391,67.3742832769804,68.4061597349378,69.4490886090518,70.4786601619585,71.4910974726239,72.4890985912109,73.3930424741775,..,..,..
,,,,,,,,,,,,,,,
,,,,,,,,,,,,,,,
,,,,,,,,,,,,,,,
Data from database: World Development Indicators,,,,,,,,,,,,,,,
Last Updated: 10/15/2020,,,,,,,,,,,,,,,
